time	methane	windspeed	current
2025-12-09T20:35:42	1.871000051498413	2.6197500000000002	0.596125
2025-12-09T20:35:47	1.8750001192092896	2.6678125	0.6071875
2025-12-09T20:35:52	1.8750001192092896	2.653375	0.605625
2025-12-09T20:35:57	1.8680000305175781	2.5959375000000002	0.6093125
2025-12-09T20:36:02	1.8650001287460327	2.6630000000000003	0.61175
2025-12-09T20:36:07	1.8650001287460327	2.6616875	0.603375
2025-12-09T20:36:13	1.8720000982284546	2.608875	0.607875
2025-12-09T20:36:18	1.873000144958496	2.6245625	0.606375
2025-12-09T20:36:23	1.871000051498413	2.56775	0.6108750000000001
2025-12-09T20:36:28	1.8680000305175781	2.6469375	0.6120625000000001
2025-12-09T20:36:33	1.8670001029968262	2.6421875	0.6106875
2025-12-09T20:36:38	1.871000051498413	2.6426250000000002	0.6115
2025-12-09T20:36:43	1.874000072479248	2.6626875	0.6104375
2025-12-09T20:36:48	1.8750001192092896	2.6564375	0.323875
2025-12-09T20:36:54	1.877000093460083	2.6405	0.3236875
2025-12-09T20:36:59	1.8760000467300415	2.678	0.3236875
2025-12-09T20:37:04	1.877000093460083	2.622875	0.323625
2025-12-09T20:37:09	1.8790000677108765	2.6254375	0.323625
2025-12-09T20:37:14	1.8790000677108765	2.6751875000000003	0.32375
2025-12-09T20:37:19	1.88100004196167	2.6689375	0.323625
2025-12-09T20:37:24	1.88100004196167	2.6245625	0.32356250000000003
2025-12-09T20:37:30	1.880000114440918	2.6260625	0.323625
2025-12-09T20:37:35	1.8790000677108765	2.659625	0.323625
2025-12-09T20:37:40	1.8750001192092896	2.6325625	0.3234375
2025-12-09T20:37:45	1.871000051498413	2.64875	0.3234375
2025-12-09T20:37:50	1.871000051498413	2.66725	0.3234375
2025-12-09T20:37:55	1.871000051498413	2.6435	0.3234375
2025-12-09T20:38:00	1.874000072479248	2.658375	0.32356250000000003
2025-12-09T20:38:05	1.871000051498413	2.6128125	0.3234375
2025-12-09T20:38:11	1.8760000467300415	2.665125	0.323375
2025-12-09T20:38:16	1.880000114440918	2.6641875	0.3235
2025-12-09T20:38:21	1.874000072479248	2.6755	0.3234375
2025-12-09T20:38:26	1.877000093460083	2.6405625	0.32325
2025-12-09T20:38:31	1.8760000467300415	2.6640625	0.32306250000000003
2025-12-09T20:38:36	1.8750001192092896	2.6391875000000002	0.3234375
2025-12-09T20:38:41	1.871000051498413	2.6305625	0.323375
2025-12-09T20:38:47	1.8760000467300415	2.6605	0.32325
2025-12-09T20:38:52	1.873000144958496	2.6470000000000002	0.32306250000000003
2025-12-09T20:38:57	1.874000072479248	2.6520625	0.32325
2025-12-09T20:39:02	1.873000144958496	2.6283125000000003	0.3233125
2025-12-09T20:39:07	1.8670001029968262	2.62475	0.32325
2025-12-09T20:39:12	1.8640000820159912	2.6753125	0.323
2025-12-09T20:39:17	1.8660000562667847	2.672375	0.323375
2025-12-09T20:39:23	1.8660000562667847	2.6421875	0.3234375
2025-12-09T20:39:28	1.8690000772476196	2.6884375	0.3234375
2025-12-09T20:39:33	1.8640000820159912	2.6761875	0.3231875
2025-12-09T20:39:38	1.8670001029968262	2.650875	0.323
2025-12-09T20:39:43	1.8670001029968262	2.6546875	0.3233125
2025-12-09T20:39:48	1.8650001287460327	2.6688125	0.3231875
2025-12-09T20:39:53	1.8700001239776611	2.545375	0.322875
2025-12-09T20:39:58	1.874000072479248	2.626375	0.323
2025-12-09T20:40:04	1.873000144958496	2.6711875000000003	0.323125
2025-12-09T20:40:09	1.8650001287460327	2.65225	0.32325
2025-12-09T20:40:14	1.8660000562667847	2.6376875	0.3233125
2025-12-09T20:40:19	1.8650001287460327	2.651875	0.3233125
2025-12-09T20:40:24	1.8690000772476196	2.66725	0.323125
2025-12-09T20:40:29	1.8670001029968262	2.66025	0.323375
2025-12-09T20:40:34	1.8670001029968262	2.6810625	0.32325
2025-12-09T20:40:40	1.8610000610351562	2.6909375	0.323
2025-12-09T20:40:45	1.8620001077651978	2.6355	0.3231875
2025-12-09T20:40:50	1.8620001077651978	2.6875625	0.3233125
2025-12-09T20:40:55	1.8640000820159912	2.645125	0.3231875
2025-12-09T20:41:00	1.8650001287460327	2.64925	0.3233125
2025-12-09T20:41:05	1.8700001239776611	2.6014375	0.32325
2025-12-09T20:41:10	1.8670001029968262	2.6091875	0.3233125
2025-12-09T20:41:15	1.873000144958496	2.591125	0.3231875
2025-12-09T20:41:21	1.873000144958496	2.6603125	0.32325
2025-12-09T20:41:26	1.873000144958496	2.6525625	0.3233125
2025-12-09T20:41:31	1.874000072479248	2.6213125	0.3229375
2025-12-09T20:41:36	1.8670001029968262	2.62275	0.32325
2025-12-09T20:41:41	1.8620001077651978	2.564625	0.5972500000000001
2025-12-09T20:41:46	1.8630000352859497	2.616875	0.5934375000000001
2025-12-09T20:41:51	1.8630000352859497	2.613375	0.566125
2025-12-09T20:41:57	1.8660000562667847	2.6334375	0.5961875
2025-12-09T20:42:02	1.8640000820159912	2.626625	0.608875
2025-12-09T20:42:07	1.8610000610351562	2.590875	0.602
2025-12-09T20:42:12	1.8620001077651978	2.6606875	0.6035
2025-12-09T20:42:17	1.8590000867843628	2.648125	0.550125
2025-12-09T20:42:22	1.8570001125335693	2.645625	0.59975
2025-12-09T20:42:27	1.8560000658035278	2.65125	0.6050625000000001
2025-12-09T20:42:33	1.8560000658035278	2.6513750000000003	0.607
2025-12-09T20:42:38	1.8580000400543213	2.6400625	0.5975
2025-12-09T20:42:43	1.8570001125335693	2.6684375	0.5520625
2025-12-09T20:42:48	1.8530000448226929	2.6399375000000003	0.5611875000000001
2025-12-09T20:42:53	1.852000117301941	2.6374375	0.5513750000000001
2025-12-09T20:42:58	1.8510000705718994	2.6243125000000003	0.563375
2025-12-09T20:43:03	1.852000117301941	2.6275	0.580125
2025-12-09T20:43:09	1.8600001335144043	2.639125	0.566875
2025-12-09T20:43:14	1.8600001335144043	2.5951875	0.557125
2025-12-09T20:43:19	1.8640000820159912	2.60975	0.592625
2025-12-09T20:43:24	1.8580000400543213	2.643875	0.604375
2025-12-09T20:43:29	1.8580000400543213	2.6476875	0.600125
2025-12-09T20:43:34	1.8540000915527344	2.60625	0.605625
2025-12-09T20:43:39	1.8550001382827759	2.6660625000000002	0.608375
2025-12-09T20:43:44	1.8540000915527344	2.6389375	0.60925
2025-12-09T20:43:50	1.8530000448226929	2.6356875	0.6094375
2025-12-09T20:43:55	1.8540000915527344	2.633875	0.609
2025-12-09T20:44:00	1.8570001125335693	2.636	0.6076875
2025-12-09T20:44:05	1.8620001077651978	2.6133125	0.611625
2025-12-09T20:44:10	1.8650001287460327	2.6345	0.6069375
2025-12-09T20:44:15	1.8630000352859497	2.6315625000000002	0.607875
2025-12-09T20:44:20	1.8640000820159912	2.60425	0.608125
2025-12-09T20:44:26	1.8660000562667847	2.62475	0.6085
2025-12-09T20:44:31	1.8630000352859497	2.6028125	0.6080625000000001
2025-12-09T20:44:36	1.8670001029968262	2.61625	0.606875
2025-12-09T20:44:41	1.873000144958496	2.6529375	0.5898125
2025-12-09T20:44:46	1.8760000467300415	2.60825	0.6068125
2025-12-09T20:44:51	1.8760000467300415	2.537125	0.607625
2025-12-09T20:44:56	1.8760000467300415	2.5661875	0.6070625000000001
2025-12-09T20:45:01	1.8760000467300415	2.6299375	0.6033125
2025-12-09T20:45:07	1.873000144958496	2.6255	0.6068125
2025-12-09T20:45:12	1.871000051498413	2.6165000000000003	0.606
2025-12-09T20:45:17	1.8690000772476196	2.5735	0.5886875
2025-12-09T20:45:22	1.8760000467300415	2.5812500000000003	0.5794375
2025-12-09T20:45:27	1.874000072479248	2.6206875	0.552875
2025-12-09T20:45:32	1.871000051498413	2.567875	0.584875
2025-12-09T20:45:37	1.8650001287460327	2.6224375	0.556625
2025-12-09T20:45:43	1.8670001029968262	2.617875	0.553625
2025-12-09T20:45:48	1.8690000772476196	2.587	0.571875
2025-12-09T20:45:53	1.8670001029968262	2.5576250000000003	0.573125
2025-12-09T20:45:58	1.8620001077651978	2.624375	0.600875
2025-12-09T20:46:03	1.8620001077651978	2.6310000000000002	0.586875
2025-12-09T20:46:08	1.8610000610351562	2.6196875	0.568875
2025-12-09T20:46:13	1.8650001287460327	2.5572500000000002	0.60575
2025-12-09T20:46:19	1.8630000352859497	2.6275625000000002	0.60775
2025-12-09T20:46:24	1.8600001335144043	2.6350625	0.6075
2025-12-09T20:46:29	1.8610000610351562	2.5995625	0.606875
2025-12-09T20:46:34	1.8580000400543213	2.6558125	0.60675
2025-12-09T20:46:39	1.8530000448226929	2.6668125000000003	0.6066875
2025-12-09T20:46:44	1.8580000400543213	2.6508125000000002	0.6070625000000001
2025-12-09T20:46:49	1.8580000400543213	2.6339375	0.323875
2025-12-09T20:46:54	1.8590000867843628	2.64	0.3238125
2025-12-09T20:47:00	1.8600001335144043	2.63825	0.3236875
2025-12-09T20:47:05	1.8700001239776611	2.66475	0.3236875
2025-12-09T20:47:10	1.8670001029968262	2.642125	0.323875
2025-12-09T20:47:15	1.8670001029968262	2.644625	0.3236875
2025-12-09T20:47:20	1.8650001287460327	2.5934375	0.32356250000000003
2025-12-09T20:47:25	1.8670001029968262	2.6305	0.323625
2025-12-09T20:47:30	1.8680000305175781	2.6048750000000003	0.323375
2025-12-09T20:47:36	1.8670001029968262	2.6345	0.323625
2025-12-09T20:47:41	1.8640000820159912	2.6105625	0.3235
2025-12-09T20:47:46	1.8620001077651978	2.5730625000000003	0.32325
2025-12-09T20:47:51	1.8690000772476196	2.6356875	0.3233125
2025-12-09T20:47:56	1.8690000772476196	2.640875	0.323375
2025-12-09T20:48:01	1.871000051498413	2.63525	0.3231875
2025-12-09T20:48:06	1.873000144958496	2.657125	0.32325
2025-12-09T20:48:11	1.871000051498413	2.6148125	0.3234375
2025-12-09T20:48:17	1.8680000305175781	2.6611875	0.3231875
2025-12-09T20:48:22	1.8630000352859497	2.5825	0.3234375
2025-12-09T20:48:27	1.8640000820159912	2.5223750000000003	0.32356250000000003
2025-12-09T20:48:32	1.8620001077651978	2.6410625	0.323375
2025-12-09T20:48:37	1.8570001125335693	2.63325	0.32325
2025-12-09T20:48:42	1.8530000448226929	2.6290625	0.3233125
2025-12-09T20:48:47	1.8530000448226929	2.6513125	0.323375
2025-12-09T20:48:53	1.852000117301941	2.6704375000000002	0.323375
2025-12-09T20:48:58	1.8470001220703125	2.6564375	0.3236875
2025-12-09T20:49:03	1.8500001430511475	2.65775	0.3235
2025-12-09T20:49:08	1.8470001220703125	2.6105625	0.3234375
2025-12-09T20:49:13	1.8480000495910645	2.6174375	0.32356250000000003
2025-12-09T20:49:18	1.8530000448226929	2.6205625	0.3233125
2025-12-09T20:49:23	1.846000075340271	2.634	0.3234375
2025-12-09T20:49:28	1.8510000705718994	2.6516875	0.3234375
2025-12-09T20:49:34	1.852000117301941	2.627125	0.3231875
2025-12-09T20:49:39	1.8500001430511475	2.6265625	0.32325
2025-12-09T20:49:44	1.846000075340271	2.586	0.323
2025-12-09T20:49:49	1.8480000495910645	2.640875	0.32306250000000003
2025-12-09T20:49:54	1.8470001220703125	2.6148125	0.3231875
2025-12-09T20:49:59	1.849000096321106	2.643875	0.323125
2025-12-09T20:50:04	1.8560000658035278	2.560375	0.323125
2025-12-09T20:50:10	1.8600001335144043	2.6643125	0.32325
2025-12-09T20:50:15	1.8640000820159912	2.5913125	0.323125
2025-12-09T20:50:20	1.8670001029968262	2.632	0.323375
2025-12-09T20:50:25	1.8700001239776611	2.669375	0.3233125
2025-12-09T20:50:30	1.8590000867843628	2.6666875	0.3231875
2025-12-09T20:50:35	1.8640000820159912	2.6869375	0.3231875
2025-12-09T20:50:40	1.8660000562667847	2.6517500000000003	0.3233125
2025-12-09T20:50:46	1.8630000352859497	2.649375	0.3231875
2025-12-09T20:50:51	1.8670001029968262	2.6379375	0.323125
2025-12-09T20:50:56	1.871000051498413	2.6485	0.323375
2025-12-09T20:51:01	1.8750001192092896	2.6591875000000003	0.3233125
2025-12-09T20:51:06	1.8760000467300415	2.6114375	0.323375
2025-12-09T20:51:11	1.8750001192092896	2.5988125	0.323125
2025-12-09T20:51:16	1.8690000772476196	2.59925	0.32325
2025-12-09T20:51:21	1.8670001029968262	2.6283125000000003	0.32325
2025-12-09T20:51:27	1.8700001239776611	2.6454375	0.32306250000000003
2025-12-09T20:51:32	1.8650001287460327	2.643125	0.323125
2025-12-09T20:51:37	1.8650001287460327	2.5961875	0.32306250000000003
2025-12-09T20:51:42	1.871000051498413	2.6415625	0.5710000000000001
2025-12-09T20:51:47	1.8690000772476196	2.6406875	0.539875
2025-12-09T20:51:52	1.873000144958496	2.6856875000000002	0.5569375
2025-12-09T20:51:57	1.877000093460083	2.63125	0.59775
2025-12-09T20:52:03	1.871000051498413	2.6804375	0.602625
2025-12-09T20:52:08	1.8670001029968262	2.547875	0.603375
2025-12-09T20:52:13	1.871000051498413	2.6485	0.61125
2025-12-09T20:52:18	1.8690000772476196	2.6613125	0.6105625
2025-12-09T20:52:23	1.873000144958496	2.6668125000000003	0.6108125
2025-12-09T20:52:28	1.880000114440918	2.6495	0.6085
2025-12-09T20:52:33	1.873000144958496	2.6571875	0.60575
2025-12-09T20:52:38	1.871000051498413	2.62725	0.605
2025-12-09T20:52:44	1.8660000562667847	2.6400625	0.606
2025-12-09T20:52:49	1.8750001192092896	2.5528750000000002	0.606375
2025-12-09T20:52:54	1.8760000467300415	2.6233750000000002	0.60675
2025-12-09T20:52:59	1.873000144958496	2.63125	0.580125
2025-12-09T20:53:04	1.871000051498413	2.6458125	0.5513750000000001
2025-12-09T20:53:09	1.8680000305175781	2.63275	0.5725
2025-12-09T20:53:14	1.8650001287460327	2.6049375	0.556125
2025-12-09T20:53:20	1.8640000820159912	2.6104375	0.596625
2025-12-09T20:53:25	1.8630000352859497	2.593125	0.588125
2025-12-09T20:53:30	1.8640000820159912	2.5820625	0.6050625000000001
2025-12-09T20:53:35	1.871000051498413	2.613875	0.6079375
2025-12-09T20:53:40	1.871000051498413	2.6133125	0.6083125
2025-12-09T20:53:45	1.8670001029968262	2.620375	0.607625
2025-12-09T20:53:50	1.8660000562667847	2.630125	0.612375
2025-12-09T20:53:55	1.8640000820159912	2.638375	0.61075
2025-12-09T20:54:01	1.8590000867843628	2.64175	0.6161875
2025-12-09T20:54:06	1.8580000400543213	2.6144375	0.6105625
2025-12-09T20:54:11	1.8560000658035278	2.6339375	0.60775
2025-12-09T20:54:16	1.8550001382827759	2.6645	0.6068125
2025-12-09T20:54:21	1.8540000915527344	2.570625	0.606625
2025-12-09T20:54:26	1.8610000610351562	2.632375	0.6076875
2025-12-09T20:54:31	1.8630000352859497	2.620375	0.6065
2025-12-09T20:54:37	1.8640000820159912	2.63275	0.5599375
2025-12-09T20:54:42	1.8630000352859497	2.61425	0.557875
2025-12-09T20:54:47	1.8670001029968262	2.648625	0.5960625
2025-12-09T20:54:52	1.8640000820159912	2.6625625	0.5911875
2025-12-09T20:54:57	1.8690000772476196	2.6906250000000003	0.605125
2025-12-09T20:55:02	1.8650001287460327	2.64525	0.5855
2025-12-09T20:55:07	1.873000144958496	2.6309375	0.57675
2025-12-09T20:55:13	1.871000051498413	2.609	0.5825625
2025-12-09T20:55:18	1.874000072479248	2.5785625	0.5982500000000001
2025-12-09T20:55:23	1.8750001192092896	2.6248125	0.552875
2025-12-09T20:55:28	1.8750001192092896	2.65875	0.568625
2025-12-09T20:55:33	1.8790000677108765	2.6465625	0.6035625
2025-12-09T20:55:38	1.8780001401901245	2.638875	0.557875
2025-12-09T20:55:43	1.8760000467300415	2.652875	0.554125
2025-12-09T20:55:48	1.8790000677108765	2.6430625	0.563875
2025-12-09T20:55:54	1.8780001401901245	2.6389375	0.557875
2025-12-09T20:55:59	1.877000093460083	2.6285	0.562125
2025-12-09T20:56:04	1.8750001192092896	2.6233750000000002	0.5721875
2025-12-09T20:56:09	1.8700001239776611	2.6229375	0.554875
2025-12-09T20:56:14	1.873000144958496	2.6648125	0.555875
2025-12-09T20:56:19	1.8750001192092896	2.6505625	0.577375
2025-12-09T20:56:24	1.8760000467300415	2.5930625000000003	0.553875
2025-12-09T20:56:30	1.880000114440918	2.614375	0.561375
2025-12-09T20:56:35	1.8760000467300415	2.6620625	0.556125
2025-12-09T20:56:40	NA	2.6088125	0.560375
2025-12-09T20:56:45	1.873000144958496	2.61925	0.564875
2025-12-09T20:56:50	1.873000144958496	2.6451875	0.3238125
2025-12-09T20:56:55	1.8700001239776611	2.6395625000000003	0.3236875
2025-12-09T20:57:00	NA	2.674	0.32375
2025-12-09T20:57:05	1.877000093460083	2.6106875	0.323625
2025-12-09T20:57:11	1.874000072479248	2.6700625000000002	0.3236875
2025-12-09T20:57:16	1.871000051498413	2.6544375000000002	0.323625
2025-12-09T20:57:21	NA	2.6270000000000002	0.3236875
2025-12-09T20:57:26	1.8660000562667847	2.6515625000000003	0.3233125
2025-12-09T20:57:31	1.8680000305175781	2.6384375	0.3234375
2025-12-09T20:57:36	1.8720000982284546	2.64075	0.3234375
2025-12-09T20:57:41	NA	2.6034375	0.323625
2025-12-09T20:57:47	1.8350000381469727	2.583375	0.32356250000000003
2025-12-09T20:57:52	1.8360000848770142	2.6670625	0.3233125
2025-12-09T20:57:57	1.8380000591278076	2.6390625	0.32325
2025-12-09T20:58:02	1.840000033378601	2.6465	0.32325
2025-12-09T20:58:07	1.840000033378601	2.546625	0.3234375
2025-12-09T20:58:12	1.8470001220703125	2.6378125	0.3234375
2025-12-09T20:58:17	1.8530000448226929	2.6435	0.3234375
2025-12-09T20:58:23	1.8610000610351562	2.649	0.323375
2025-12-09T20:58:28	1.8630000352859497	2.671875	0.323375
2025-12-09T20:58:33	1.8620001077651978	2.62625	0.323375
2025-12-09T20:58:38	1.8610000610351562	2.589875	0.323125
2025-12-09T20:58:43	1.8630000352859497	2.6113750000000002	0.3235
2025-12-09T20:58:48	1.8600001335144043	2.612875	0.3233125
2025-12-09T20:58:53	1.8550001382827759	2.5971875	0.3233125
2025-12-09T20:58:58	1.8570001125335693	2.6175	0.3234375
2025-12-09T20:59:04	1.8590000867843628	2.6109375	0.323375
2025-12-09T20:59:09	1.8600001335144043	2.616625	0.32325
2025-12-09T20:59:14	1.8610000610351562	2.5763125000000002	0.32325
2025-12-09T20:59:19	1.8630000352859497	2.5864375	0.3233125
2025-12-09T20:59:24	1.8580000400543213	2.56625	0.323125
2025-12-09T20:59:29	1.8540000915527344	2.6243125000000003	0.3234375
2025-12-09T20:59:34	1.8510000705718994	2.65625	0.3234375
2025-12-09T20:59:40	1.8450000286102295	2.66	0.32325
2025-12-09T20:59:45	1.8440001010894775	2.62925	0.32325
2025-12-09T20:59:50	1.843000054359436	2.641625	0.323125
2025-12-09T20:59:55	1.8410000801086426	2.6161875	0.32325
2025-12-09T21:00:00	1.846000075340271	2.6628125000000002	0.3233125
2025-12-09T21:00:05	1.8450000286102295	2.5999375000000002	0.32325
2025-12-09T21:00:10	1.8450000286102295	2.6405625	0.32325
2025-12-09T21:00:15	1.843000054359436	2.6478125	0.32356250000000003
2025-12-09T21:00:21	1.842000126838684	2.6338125	0.32306250000000003
2025-12-09T21:00:26	1.8450000286102295	2.6665	0.32306250000000003
2025-12-09T21:00:31	1.8450000286102295	2.652125	0.3233125
2025-12-09T21:00:36	1.8440001010894775	2.646375	0.3231875
2025-12-09T21:00:41	1.8440001010894775	2.5874375	0.323375
2025-12-09T21:00:46	1.8390001058578491	2.609375	0.3233125
2025-12-09T21:00:51	1.8360000848770142	2.6	0.3231875
2025-12-09T21:00:57	1.8340001106262207	2.6326875	0.3233125
2025-12-09T21:01:02	1.842000126838684	2.6371875	0.3231875
2025-12-09T21:01:07	1.840000033378601	2.6604375	0.323375
2025-12-09T21:01:12	1.842000126838684	2.641875	0.323
2025-12-09T21:01:17	1.842000126838684	2.5911875	0.32306250000000003
2025-12-09T21:01:22	1.8450000286102295	2.645875	0.32325
2025-12-09T21:01:27	1.8450000286102295	2.6315625000000002	0.3231875
2025-12-09T21:01:32	1.8450000286102295	2.6161250000000003	0.32325
2025-12-09T21:01:38	1.840000033378601	2.6134375	0.32325
2025-12-09T21:01:43	1.8350000381469727	2.6199375000000003	0.589125
2025-12-09T21:01:48	1.8340001106262207	2.649625	0.5915
2025-12-09T21:01:53	1.8360000848770142	2.6501875	0.596625
2025-12-09T21:01:58	1.8330000638961792	2.6294375	0.6038125
2025-12-09T21:02:03	1.8340001106262207	2.6474375	0.5983125
2025-12-09T21:02:08	1.8290001153945923	2.584625	0.5888125
2025-12-09T21:02:14	1.8330000638961792	2.6516875	0.545125
2025-12-09T21:02:19	1.8360000848770142	2.6706875	0.564875
2025-12-09T21:02:24	1.840000033378601	2.6866250000000003	0.6013125
2025-12-09T21:02:29	1.8380000591278076	2.60725	0.602125
2025-12-09T21:02:34	1.842000126838684	2.658125	0.6108750000000001
2025-12-09T21:02:39	1.8440001010894775	2.6403125	0.60675
2025-12-09T21:02:44	1.852000117301941	2.6408125	0.605
2025-12-09T21:02:50	1.8480000495910645	2.64925	0.5780625
2025-12-09T21:02:55	1.849000096321106	2.618875	0.5503750000000001
2025-12-09T21:03:00	1.8510000705718994	2.6662500000000002	0.6060625000000001
2025-12-09T21:03:05	1.8510000705718994	2.6553125	0.6064375
2025-12-09T21:03:10	1.8560000658035278	2.6543125	0.6070625000000001
2025-12-09T21:03:15	1.8620001077651978	2.6636875	0.613125
2025-12-09T21:03:20	1.8590000867843628	2.6365625	0.6150625000000001
2025-12-09T21:03:25	1.8630000352859497	2.6110625	0.6072500000000001
2025-12-09T21:03:31	1.8650001287460327	2.6218125	0.607
2025-12-09T21:03:36	1.8580000400543213	2.6305	0.568125
2025-12-09T21:03:41	1.8590000867843628	2.6056875	0.60575
2025-12-09T21:03:46	1.8560000658035278	2.626	0.6071875
2025-12-09T21:03:51	1.8570001125335693	2.661	0.61225
2025-12-09T21:03:56	1.8600001335144043	2.6585625	0.61625
2025-12-09T21:04:01	1.8590000867843628	2.63475	0.612375
2025-12-09T21:04:07	1.8590000867843628	2.675625	0.608625
2025-12-09T21:04:12	1.8580000400543213	2.644	0.555125
2025-12-09T21:04:17	1.8610000610351562	2.6001875	0.6084375
2025-12-09T21:04:22	1.8550001382827759	2.5723125000000002	0.6075
2025-12-09T21:04:27	1.8540000915527344	2.6408125	0.60775
2025-12-09T21:04:32	1.8600001335144043	2.6443125	0.6149375
2025-12-09T21:04:37	1.8580000400543213	2.5739375	0.6161875
2025-12-09T21:04:42	1.8540000915527344	2.6019375	0.60775
2025-12-09T21:04:48	1.8580000400543213	2.548625	0.607
2025-12-09T21:04:53	1.8560000658035278	2.5455625	0.606875
2025-12-09T21:04:58	1.8570001125335693	2.6238125	0.570125
2025-12-09T21:05:03	1.8560000658035278	2.6111875	0.6073125
2025-12-09T21:05:08	1.8580000400543213	2.639625	0.6073125
2025-12-09T21:05:13	1.8560000658035278	2.6300625	0.6068125
2025-12-09T21:05:18	1.8550001382827759	2.60425	0.6151875
2025-12-09T21:05:24	1.8570001125335693	2.5631875	0.6094375
2025-12-09T21:05:29	1.8570001125335693	2.5490625000000002	0.61125
2025-12-09T21:05:34	1.8570001125335693	2.5560625	0.606875
2025-12-09T21:05:39	1.8600001335144043	2.6195	0.607
2025-12-09T21:05:44	1.8570001125335693	2.58275	0.6064375
2025-12-09T21:05:49	1.8600001335144043	2.632625	0.6068125
2025-12-09T21:05:54	1.8640000820159912	2.629375	0.5543750000000001
2025-12-09T21:06:00	1.8640000820159912	2.6477500000000003	0.5585625
2025-12-09T21:06:05	1.8660000562667847	2.6248125	0.556125
2025-12-09T21:06:10	1.8650001287460327	2.6461875	0.555875
2025-12-09T21:06:15	1.8680000305175781	2.6271875000000002	0.600125
2025-12-09T21:06:20	1.8640000820159912	2.6656875	0.60925
2025-12-09T21:06:25	1.8610000610351562	2.5904375	0.6090625000000001
2025-12-09T21:06:30	1.8590000867843628	2.668	0.6086875
2025-12-09T21:06:35	1.8630000352859497	2.6024375	0.609
2025-12-09T21:06:41	1.8650001287460327	2.608875	0.608625
2025-12-09T21:06:46	1.8630000352859497	2.626	0.6084375
2025-12-09T21:06:51	1.8630000352859497	2.61475	0.3239375
2025-12-09T21:06:56	1.8610000610351562	2.6139375	0.3238125
2025-12-09T21:07:01	1.8610000610351562	2.616625	0.3236875
2025-12-09T21:07:06	1.8580000400543213	2.6618125	0.32375
2025-12-09T21:07:11	1.8580000400543213	2.5865	0.323625
2025-12-09T21:07:17	1.8540000915527344	2.54725	0.323375
2025-12-09T21:07:22	1.8510000705718994	2.553125	0.3234375
2025-12-09T21:07:27	1.8470001220703125	2.571375	0.3234375
2025-12-09T21:07:32	1.8440001010894775	2.6051875	0.32356250000000003
2025-12-09T21:07:37	1.843000054359436	2.6428125000000002	0.32356250000000003
2025-12-09T21:07:42	1.8440001010894775	2.6421875	0.323625
2025-12-09T21:07:47	1.849000096321106	2.6411875	0.32356250000000003
2025-12-09T21:07:52	1.8480000495910645	2.6144375	0.323625
2025-12-09T21:07:58	1.8410000801086426	2.6011875	0.3235
2025-12-09T21:08:03	1.8380000591278076	2.5893125	0.3234375
2025-12-09T21:08:08	1.8390001058578491	2.6346875	0.3235
2025-12-09T21:08:13	1.840000033378601	2.6461875	0.32325
2025-12-09T21:08:18	1.842000126838684	2.6160625	0.323375
2025-12-09T21:08:23	1.840000033378601	2.6426875	0.3231875
2025-12-09T21:08:28	1.842000126838684	2.618125	0.32325
2025-12-09T21:08:34	1.8390001058578491	2.6070625	0.3235
2025-12-09T21:08:39	1.8380000591278076	2.637875	0.323375
2025-12-09T21:08:44	1.8380000591278076	2.5753125	0.3235
2025-12-09T21:08:49	1.8360000848770142	2.5640625	0.3234375
2025-12-09T21:08:54	1.8360000848770142	2.60325	0.32325
2025-12-09T21:08:59	1.8350000381469727	2.59325	0.3233125
2025-12-09T21:09:04	1.8370001316070557	2.6003125000000002	0.3233125
2025-12-09T21:09:09	1.842000126838684	2.617375	0.3235
2025-12-09T21:09:15	1.8450000286102295	2.6270625	0.32325
2025-12-09T21:09:20	1.849000096321106	2.61875	0.3233125
2025-12-09T21:09:25	1.8530000448226929	2.6158125	0.32325
2025-12-09T21:09:30	1.8560000658035278	2.6453125	0.323625
2025-12-09T21:09:35	1.8590000867843628	2.56075	0.3234375
2025-12-09T21:09:40	1.8640000820159912	2.626	0.32325
2025-12-09T21:09:45	1.8630000352859497	2.653375	0.3233125
2025-12-09T21:09:51	1.8670001029968262	2.66275	0.3233125
2025-12-09T21:09:56	1.874000072479248	2.55175	0.3233125
2025-12-09T21:10:01	1.8760000467300415	2.6018125	0.323
2025-12-09T21:10:06	1.877000093460083	2.616625	0.3231875
2025-12-09T21:10:11	1.8720000982284546	2.649	0.3233125
2025-12-09T21:10:16	1.874000072479248	2.5949375	0.32325
2025-12-09T21:10:21	1.874000072479248	2.6594375	0.3233125
2025-12-09T21:10:27	1.8690000772476196	2.6235625000000002	0.3235
2025-12-09T21:10:32	1.8680000305175781	2.6350625	0.3231875
2025-12-09T21:10:37	1.8690000772476196	2.59075	0.3233125
2025-12-09T21:10:42	1.8670001029968262	2.6156875	0.32325
2025-12-09T21:10:47	1.8680000305175781	2.6270000000000002	0.323375
2025-12-09T21:10:52	1.8630000352859497	2.57	0.32325
2025-12-09T21:10:57	1.8630000352859497	2.618375	0.323125
2025-12-09T21:11:02	1.8610000610351562	2.67675	0.32325
2025-12-09T21:11:08	1.8630000352859497	2.657	0.3231875
2025-12-09T21:11:13	1.8640000820159912	2.6434375	0.3234375
2025-12-09T21:11:18	1.8600001335144043	2.6625625	0.3229375
2025-12-09T21:11:23	1.8610000610351562	2.5957500000000002	0.32325
2025-12-09T21:11:28	1.8610000610351562	2.6044375	0.3233125
2025-12-09T21:11:33	1.8590000867843628	2.528	0.32325
2025-12-09T21:11:38	1.8570001125335693	2.627625	0.3231875
2025-12-09T21:11:44	1.8580000400543213	2.565	0.5875
2025-12-09T21:11:49	1.8600001335144043	2.57275	0.573375
2025-12-09T21:11:54	1.8550001382827759	2.5994375	0.5950625
2025-12-09T21:11:59	1.8560000658035278	2.61025	0.6033125
2025-12-09T21:12:04	1.8610000610351562	2.5388125	0.59775
2025-12-09T21:12:09	1.8610000610351562	2.6148125	0.545125
2025-12-09T21:12:14	1.8640000820159912	2.68325	0.6015625
2025-12-09T21:12:19	1.8660000562667847	2.56175	0.6011875
2025-12-09T21:12:25	1.8650001287460327	2.6645	0.609
2025-12-09T21:12:30	1.8650001287460327	2.6135625	0.602125
2025-12-09T21:12:35	1.8580000400543213	2.6690625	0.571875
2025-12-09T21:12:40	1.8550001382827759	2.645875	0.606625
2025-12-09T21:12:45	1.8540000915527344	2.6037500000000002	0.6134375
2025-12-09T21:12:50	1.8530000448226929	2.64025	0.6040625000000001
2025-12-09T21:12:55	1.852000117301941	2.6273750000000002	0.5735625
2025-12-09T21:13:01	1.8510000705718994	2.5724375	0.605
2025-12-09T21:13:06	1.8580000400543213	2.6365625	0.6045625
2025-12-09T21:13:11	1.8580000400543213	2.6206875	0.6120625000000001
2025-12-09T21:13:16	1.8510000705718994	2.605375	0.604875
2025-12-09T21:13:21	1.849000096321106	2.622375	0.573125
2025-12-09T21:13:26	1.8500001430511475	2.61	0.6059375
2025-12-09T21:13:31	1.8550001382827759	2.5963125000000002	0.6140625000000001
2025-12-09T21:13:36	1.8510000705718994	2.6560625	0.606125
2025-12-09T21:13:42	1.8470001220703125	2.6643125	0.5705625
2025-12-09T21:13:47	1.852000117301941	2.6176875	0.6063125
2025-12-09T21:13:52	1.8540000915527344	2.6320625	0.614
2025-12-09T21:13:57	1.8560000658035278	2.6080625	0.6078125
2025-12-09T21:14:02	1.849000096321106	2.6470625	0.607375
2025-12-09T21:14:07	1.8510000705718994	2.644375	0.585875
2025-12-09T21:14:12	1.8500001430511475	2.6151875	0.607375
2025-12-09T21:14:18	1.8540000915527344	2.6554375	0.6158125
2025-12-09T21:14:23	1.8550001382827759	2.614125	0.607875
2025-12-09T21:14:28	1.8570001125335693	2.6370625	0.6028125
2025-12-09T21:14:33	1.8610000610351562	2.6379375	0.5806250000000001
2025-12-09T21:14:38	1.8650001287460327	2.629875	0.6085625
2025-12-09T21:14:43	1.8660000562667847	2.6085625	0.6075
2025-12-09T21:14:48	1.8680000305175781	2.5926875000000003	0.6071875
2025-12-09T21:14:54	1.8660000562667847	2.597375	0.582875
2025-12-09T21:14:59	1.8600001335144043	2.6437500000000003	0.60675
2025-12-09T21:15:04	1.8610000610351562	2.6538125	0.607
2025-12-09T21:15:09	1.8660000562667847	2.666	0.5690000000000001
2025-12-09T21:15:14	1.8670001029968262	2.673125	0.60775
2025-12-09T21:15:19	1.8680000305175781	2.6595625000000003	0.6118750000000001
2025-12-09T21:15:24	1.8680000305175781	2.6265625	0.609125
2025-12-09T21:15:29	1.8640000820159912	2.5803125000000002	0.5626875
2025-12-09T21:15:35	1.8580000400543213	2.6350000000000002	0.608375
2025-12-09T21:15:40	1.8560000658035278	2.6305	0.608875
2025-12-09T21:15:45	1.8540000915527344	2.6464375	0.6134375
2025-12-09T21:15:50	1.8500001430511475	2.5625	0.608625
2025-12-09T21:15:55	1.852000117301941	2.619875	0.588375
2025-12-09T21:16:00	1.8550001382827759	2.6336875	0.6093125
2025-12-09T21:16:05	1.8570001125335693	2.595	0.616125
2025-12-09T21:16:11	1.8550001382827759	2.59075	0.608375
2025-12-09T21:16:16	1.8570001125335693	2.5773125	0.556625
2025-12-09T21:16:21	1.8650001287460327	2.540125	0.6073125
2025-12-09T21:16:26	1.8670001029968262	2.6228125	0.6150625000000001
2025-12-09T21:16:31	1.8650001287460327	2.6206875	0.60775
2025-12-09T21:16:36	1.8630000352859497	2.6078125	0.557875
2025-12-09T21:16:41	1.8630000352859497	2.6505	0.6083125
2025-12-09T21:16:46	1.8620001077651978	2.561875	0.6118125
2025-12-09T21:16:52	1.8640000820159912	2.6203125000000003	0.323875
2025-12-09T21:16:57	1.8630000352859497	2.5720625	0.3238125
2025-12-09T21:17:02	1.8650001287460327	2.601375	0.3236875
2025-12-09T21:17:07	1.8660000562667847	2.6074375	0.323875
2025-12-09T21:17:12	1.8620001077651978	2.57375	0.32356250000000003
2025-12-09T21:17:17	1.8620001077651978	2.65425	0.32356250000000003
2025-12-09T21:17:22	1.8600001335144043	2.6013125	0.323875
2025-12-09T21:17:28	1.8570001125335693	2.6206875	0.3235
2025-12-09T21:17:33	1.8590000867843628	2.6478125	0.3231875
2025-12-09T21:17:38	1.8570001125335693	2.59225	0.323625
2025-12-09T21:17:43	1.8590000867843628	2.6206875	0.3234375
2025-12-09T21:17:48	1.8610000610351562	2.579875	0.323625
2025-12-09T21:17:53	1.8630000352859497	2.6075625000000002	0.3236875
2025-12-09T21:17:58	1.8650001287460327	2.5410625000000002	0.32356250000000003
2025-12-09T21:18:04	1.8650001287460327	2.5993125	0.3233125
2025-12-09T21:18:09	1.8620001077651978	2.609375	0.3233125
2025-12-09T21:18:14	1.8610000610351562	2.583	0.32356250000000003
2025-12-09T21:18:19	1.8640000820159912	2.5721875	0.3235
2025-12-09T21:18:24	1.8620001077651978	2.5589375	0.3235
2025-12-09T21:18:29	1.8620001077651978	2.6125000000000003	0.323375
2025-12-09T21:18:34	1.8600001335144043	2.5869375	0.3234375
2025-12-09T21:18:39	1.8590000867843628	2.645	0.323375
2025-12-09T21:18:45	1.8650001287460327	2.5852500000000003	0.3234375
2025-12-09T21:18:50	1.8630000352859497	2.60125	0.3235
2025-12-09T21:18:55	1.8540000915527344	2.60075	0.3234375
2025-12-09T21:19:00	1.8530000448226929	2.6189375	0.3235
2025-12-09T21:19:05	1.852000117301941	2.6356875	0.3233125
2025-12-09T21:19:10	NA	2.5960625	0.3231875
2025-12-09T21:19:15	1.8600001335144043	2.612625	0.3231875
2025-12-09T21:19:21	1.852000117301941	2.632875	0.323375
2025-12-09T21:19:26	1.8560000658035278	2.5548125	0.32356250000000003
2025-12-09T21:19:31	NA	2.5656250000000003	0.323375
2025-12-09T21:19:36	1.8560000658035278	2.621375	0.3235
2025-12-09T21:19:41	1.8580000400543213	2.61925	0.32325
2025-12-09T21:19:46	1.8560000658035278	2.6429375	0.3235
2025-12-09T21:19:51	NA	2.619125	0.3233125
2025-12-09T21:19:56	1.8670001029968262	2.6343125	0.323375
2025-12-09T21:20:02	1.8700001239776611	2.627875	0.3234375
2025-12-09T21:20:07	1.8670001029968262	2.5735	0.3231875
2025-12-09T21:20:12	NA	2.5224375	0.3234375
2025-12-09T21:20:17	1.871000051498413	2.5594375	0.32325
2025-12-09T21:20:22	1.8670001029968262	2.5781875	0.3233125
2025-12-09T21:20:27	1.8680000305175781	2.6420625	0.3233125
2025-12-09T21:20:32	1.8690000772476196	2.666875	0.3233125
2025-12-09T21:20:38	1.8700001239776611	2.594125	0.3234375
2025-12-09T21:20:43	1.8670001029968262	2.6299375	0.32325
2025-12-09T21:20:48	1.8640000820159912	2.6058125	0.32325
2025-12-09T21:20:53	1.8640000820159912	2.576	0.3234375
2025-12-09T21:20:58	1.8680000305175781	2.5956875	0.3231875
2025-12-09T21:21:03	1.8720000982284546	2.63825	0.32325
2025-12-09T21:21:08	1.871000051498413	2.5808125	0.3231875
2025-12-09T21:21:14	1.8690000772476196	2.533125	0.323375
2025-12-09T21:21:19	1.8610000610351562	2.60975	0.3233125
2025-12-09T21:21:24	1.8640000820159912	2.602	0.323375
2025-12-09T21:21:29	1.8510000705718994	2.5969375	0.3233125
2025-12-09T21:21:34	1.8510000705718994	2.6622500000000002	0.32325
2025-12-09T21:21:39	1.842000126838684	2.5852500000000003	0.32306250000000003
2025-12-09T21:21:44	1.8510000705718994	2.608625	0.591375
2025-12-09T21:21:49	1.852000117301941	2.5841875	0.594125
2025-12-09T21:21:55	1.8540000915527344	2.6273125	0.560875
2025-12-09T21:22:00	1.8550001382827759	2.5445625	0.5969375
2025-12-09T21:22:05	1.8530000448226929	2.623625	0.6059375
2025-12-09T21:22:10	1.8540000915527344	2.66275	0.599125
2025-12-09T21:22:15	1.8590000867843628	2.582625	0.570125
2025-12-09T21:22:20	1.8530000448226929	2.637375	0.6008125
2025-12-09T21:22:25	1.8510000705718994	2.6254375	0.607125
2025-12-09T21:22:31	1.8500001430511475	2.629375	0.6063125
2025-12-09T21:22:36	1.849000096321106	2.657625	0.568125
2025-12-09T21:22:41	1.8510000705718994	2.626125	0.6036875
2025-12-09T21:22:46	1.8500001430511475	2.5558125	0.6129375
2025-12-09T21:22:51	1.8510000705718994	2.608625	0.604375
2025-12-09T21:22:56	1.8540000915527344	2.618375	0.551625
2025-12-09T21:23:01	1.849000096321106	2.641125	0.6052500000000001
2025-12-09T21:23:06	1.8510000705718994	2.6596875	0.6086875
2025-12-09T21:23:12	1.8530000448226929	2.6081250000000002	0.6046875
2025-12-09T21:23:17	1.8560000658035278	2.606	0.5493750000000001
2025-12-09T21:23:22	1.849000096321106	2.599125	0.603375
2025-12-09T21:23:27	1.8510000705718994	2.6145625	0.61325
2025-12-09T21:23:32	1.852000117301941	2.5803125000000002	0.605
2025-12-09T21:23:37	1.8500001430511475	2.553	0.598125
2025-12-09T21:23:42	1.846000075340271	2.636375	0.5519375
2025-12-09T21:23:48	1.842000126838684	2.6439375000000003	0.6051875
2025-12-09T21:23:53	1.842000126838684	2.6039375000000002	0.61025
2025-12-09T21:23:58	1.8480000495910645	2.56975	0.6050625000000001
2025-12-09T21:24:03	1.8450000286102295	2.61475	0.607625
2025-12-09T21:24:08	1.849000096321106	2.5575	0.6101875
2025-12-09T21:24:13	1.842000126838684	2.5851875	0.6128750000000001
2025-12-09T21:24:18	1.8380000591278076	2.60625	0.6043125
2025-12-09T21:24:24	1.8410000801086426	2.6146875	0.548625
2025-12-09T21:24:29	1.8480000495910645	2.574125	0.6055
2025-12-09T21:24:34	1.8450000286102295	2.6290625	0.6145
2025-12-09T21:24:39	1.8440001010894775	2.6415	0.6058125
2025-12-09T21:24:44	1.8450000286102295	2.5589375	0.5563750000000001
2025-12-09T21:24:49	1.8440001010894775	2.643875	0.606375
2025-12-09T21:24:54	1.8470001220703125	2.5660625	0.611625
2025-12-09T21:24:59	1.842000126838684	2.56375	0.606125
2025-12-09T21:25:05	1.840000033378601	2.5601875	0.574375
2025-12-09T21:25:10	1.8450000286102295	2.645625	0.586375
2025-12-09T21:25:15	1.846000075340271	2.5555	0.606375
2025-12-09T21:25:20	1.849000096321106	2.59	0.61
2025-12-09T21:25:25	1.8480000495910645	2.6275	0.606125
2025-12-09T21:25:30	1.8470001220703125	2.6221875	0.552625
2025-12-09T21:25:35	1.8470001220703125	2.57275	0.6075
2025-12-09T21:25:41	1.852000117301941	2.6319375000000003	0.61025
2025-12-09T21:25:46	1.8480000495910645	2.593125	0.6064375
2025-12-09T21:25:51	1.8450000286102295	2.5928125	0.6062500000000001
2025-12-09T21:25:56	1.8440001010894775	2.6039375000000002	0.5483750000000001
2025-12-09T21:26:01	1.8480000495910645	2.6510000000000002	0.599625
2025-12-09T21:26:06	1.846000075340271	2.5490625000000002	0.60675
2025-12-09T21:26:11	1.8440001010894775	2.5701875	0.6098750000000001
2025-12-09T21:26:16	1.843000054359436	2.6185625	0.6060625000000001
2025-12-09T21:26:22	1.846000075340271	2.5853125	0.5723125
2025-12-09T21:26:27	1.8440001010894775	2.5725000000000002	0.60675
2025-12-09T21:26:32	1.8440001010894775	2.633875	0.6138125
2025-12-09T21:26:37	1.843000054359436	2.6425625	0.6072500000000001
2025-12-09T21:26:42	1.846000075340271	2.559375	0.6059375
2025-12-09T21:26:47	1.8530000448226929	2.580375	0.6103125
2025-12-09T21:26:52	1.8550001382827759	2.5319375	0.324
2025-12-09T21:26:58	1.8530000448226929	2.6503125	0.3236875
2025-12-09T21:27:03	1.8550001382827759	2.6259375	0.323625
2025-12-09T21:27:08	1.852000117301941	2.6271875000000002	0.323625
2025-12-09T21:27:13	1.852000117301941	2.601	0.3236875
2025-12-09T21:27:18	1.843000054359436	2.6061875	0.32375
2025-12-09T21:27:23	1.8450000286102295	2.59775	0.32375
2025-12-09T21:27:28	1.8440001010894775	2.609375	0.32356250000000003
2025-12-09T21:27:34	1.846000075340271	2.557	0.323625
2025-12-09T21:27:39	1.8470001220703125	2.5684375	0.323375
2025-12-09T21:27:44	1.8480000495910645	2.6031875	0.3235
2025-12-09T21:27:49	1.846000075340271	2.6223125	0.3234375
2025-12-09T21:27:54	1.843000054359436	2.656	0.3234375
2025-12-09T21:27:59	1.846000075340271	2.6549375	0.3235
2025-12-09T21:28:04	1.8530000448226929	2.6231875000000002	0.323375
2025-12-09T21:28:09	1.849000096321106	2.5812500000000003	0.32356250000000003
2025-12-09T21:28:15	1.8510000705718994	2.6354375	0.32356250000000003
2025-12-09T21:28:20	1.846000075340271	2.6565	0.323375
2025-12-09T21:28:25	1.8510000705718994	2.60575	0.323125
2025-12-09T21:28:30	1.852000117301941	2.6308125	0.3234375
2025-12-09T21:28:35	1.8540000915527344	2.5865625	0.323625
2025-12-09T21:28:40	1.8500001430511475	2.6375625	0.3234375
2025-12-09T21:28:45	1.8470001220703125	2.5976875	0.3233125
2025-12-09T21:28:51	1.846000075340271	2.62	0.3234375
2025-12-09T21:28:56	1.842000126838684	2.666125	0.3233125
2025-12-09T21:29:01	1.840000033378601	2.5509375	0.3234375
2025-12-09T21:29:06	1.8440001010894775	2.5968750000000003	0.3235
2025-12-09T21:29:11	1.8450000286102295	2.572	0.3234375
2025-12-09T21:29:16	1.846000075340271	2.6051875	0.32325
2025-12-09T21:29:21	1.842000126838684	2.6034375	0.3234375
2025-12-09T21:29:27	1.846000075340271	2.656875	0.3233125
2025-12-09T21:29:32	1.846000075340271	2.507625	0.3235
2025-12-09T21:29:37	1.852000117301941	2.5158125	0.323375
2025-12-09T21:29:42	1.8470001220703125	2.6100625	0.323375
2025-12-09T21:29:47	1.8450000286102295	2.64625	0.323375
2025-12-09T21:29:52	1.8410000801086426	2.5881875	0.323375
2025-12-09T21:29:57	1.8470001220703125	2.6493125	0.32325
2025-12-09T21:30:02	1.8470001220703125	2.6043125000000003	0.3233125
2025-12-09T21:30:08	1.8500001430511475	2.5236875	0.3236875
2025-12-09T21:30:13	1.8510000705718994	2.65925	0.323125
2025-12-09T21:30:18	1.8500001430511475	2.6439375000000003	0.323125
2025-12-09T21:30:23	1.846000075340271	2.6534375	0.323375
2025-12-09T21:30:28	1.8480000495910645	2.6670000000000003	0.323375
2025-12-09T21:30:33	1.8500001430511475	2.6265	0.323125
2025-12-09T21:30:38	1.8530000448226929	2.616875	0.323375
2025-12-09T21:30:44	1.8500001430511475	2.62725	0.323
2025-12-09T21:30:49	1.8530000448226929	2.623	0.32325
2025-12-09T21:30:54	1.8510000705718994	2.626625	0.323125
2025-12-09T21:30:59	1.8530000448226929	2.606625	0.3233125
2025-12-09T21:31:04	1.849000096321106	2.661625	0.323
2025-12-09T21:31:09	1.849000096321106	2.6213125	0.3233125
2025-12-09T21:31:14	1.8500001430511475	2.61	0.32325
2025-12-09T21:31:19	1.8450000286102295	2.6317500000000003	0.3234375
2025-12-09T21:31:25	1.8510000705718994	2.583	0.3234375
2025-12-09T21:31:30	1.849000096321106	2.6393125	0.3234375
2025-12-09T21:31:35	1.8440001010894775	2.607375	0.323625
2025-12-09T21:31:40	1.8470001220703125	2.669875	0.3234375
2025-12-09T21:31:45	1.8470001220703125	2.6477500000000003	0.5909375
2025-12-09T21:31:50	1.846000075340271	2.6396875	0.570375
2025-12-09T21:31:55	1.842000126838684	2.622625	0.5990625
2025-12-09T21:32:01	1.843000054359436	2.6508125000000002	0.59575
2025-12-09T21:32:06	1.8380000591278076	2.5619375	0.5974375000000001
2025-12-09T21:32:11	1.842000126838684	2.6303125	0.5972500000000001
2025-12-09T21:32:16	1.846000075340271	2.6055	0.5985
2025-12-09T21:32:21	1.8450000286102295	2.5528125	0.5985625
2025-12-09T21:32:26	1.849000096321106	2.6204375	0.6005625
2025-12-09T21:32:31	1.8470001220703125	2.5913125	0.6012500000000001
2025-12-09T21:32:37	1.849000096321106	2.587625	0.6018125
2025-12-09T21:32:42	1.849000096321106	2.575	0.6012500000000001
2025-12-09T21:32:47	1.8480000495910645	2.6200625	0.6013125
2025-12-09T21:32:52	1.8510000705718994	2.594	0.6035625
2025-12-09T21:32:57	1.8480000495910645	2.6311875000000002	0.5785625
2025-12-09T21:33:02	1.8500001430511475	2.60225	0.60975
2025-12-09T21:33:07	1.8480000495910645	2.5739375	0.603125
2025-12-09T21:33:12	1.8480000495910645	2.6605625	0.604125
2025-12-09T21:33:18	1.846000075340271	2.5705	0.6041875
2025-12-09T21:33:23	1.8470001220703125	2.5979375	0.6042500000000001
2025-12-09T21:33:28	1.8450000286102295	2.589125	0.6035625
2025-12-09T21:33:33	1.846000075340271	2.6335625	0.6043125
2025-12-09T21:33:38	1.8480000495910645	2.5535625	0.604875
2025-12-09T21:33:43	1.8500001430511475	2.5961875	0.597125
2025-12-09T21:33:48	1.8450000286102295	2.5366875	0.6068125
2025-12-09T21:33:54	1.8480000495910645	2.60075	0.545375
2025-12-09T21:33:59	1.8510000705718994	2.61725	0.6083125
2025-12-09T21:34:04	1.8470001220703125	2.6336875	0.6046875
2025-12-09T21:34:09	1.852000117301941	2.549125	0.6045625
2025-12-09T21:34:14	1.8530000448226929	2.61875	0.6043125
2025-12-09T21:34:19	1.852000117301941	2.63075	0.6011875
2025-12-09T21:34:24	1.849000096321106	2.589625	0.6129375
2025-12-09T21:34:29	1.8450000286102295	2.634625	0.567875
2025-12-09T21:34:35	1.8470001220703125	2.5700625	0.6125625
2025-12-09T21:34:40	1.8500001430511475	2.629125	0.57925
2025-12-09T21:34:45	1.8540000915527344	2.6169375	0.6048125
2025-12-09T21:34:50	1.8590000867843628	2.6065625	0.603375
2025-12-09T21:34:55	1.8590000867843628	2.597	0.6039375
2025-12-09T21:35:00	1.8570001125335693	2.5699375	0.6115
2025-12-09T21:35:05	1.8570001125335693	2.6121250000000003	0.605
2025-12-09T21:35:11	1.8570001125335693	2.5780625	0.6150625000000001
2025-12-09T21:35:16	1.8540000915527344	2.6355	0.5650000000000001
2025-12-09T21:35:21	1.8500001430511475	2.6098125	0.60575
2025-12-09T21:35:26	1.8510000705718994	2.6135625	0.605875
2025-12-09T21:35:31	1.8550001382827759	2.5601875	0.606125
2025-12-09T21:35:36	1.8480000495910645	2.6	0.6055625
2025-12-09T21:35:41	1.8540000915527344	2.55575	0.6150625000000001
2025-12-09T21:35:46	1.8510000705718994	2.56475	0.5446875
2025-12-09T21:35:52	1.8450000286102295	2.5890625000000003	0.61425
2025-12-09T21:35:57	1.842000126838684	2.6373125	0.6058125
2025-12-09T21:36:02	1.8480000495910645	2.6260625	0.6029375
2025-12-09T21:36:07	1.8500001430511475	2.6015	0.60375
2025-12-09T21:36:12	1.8510000705718994	2.64	0.567625
2025-12-09T21:36:17	1.852000117301941	2.6628125000000002	0.609375
2025-12-09T21:36:22	1.8510000705718994	2.6221875	0.6032500000000001
2025-12-09T21:36:28	1.8560000658035278	2.566	0.6039375
2025-12-09T21:36:33	1.8530000448226929	2.6041875	0.6134375
2025-12-09T21:36:38	1.8550001382827759	2.5395625	0.32375
2025-12-09T21:36:43	1.8570001125335693	2.591125	0.3239375
2025-12-09T21:36:48	1.8530000448226929	2.6166875	0.323875
2025-12-09T21:36:53	1.8550001382827759	2.6365625	0.323625
2025-12-09T21:36:58	1.8590000867843628	2.61075	0.3238125
2025-12-09T21:37:04	1.8610000610351562	2.619625	0.323375
2025-12-09T21:37:09	1.8580000400543213	2.6120625	0.32375
2025-12-09T21:37:14	1.8570001125335693	2.623875	0.3238125
2025-12-09T21:37:19	1.8570001125335693	2.6426250000000002	0.3234375
2025-12-09T21:37:24	1.8550001382827759	2.6105	0.32356250000000003
2025-12-09T21:37:29	1.8580000400543213	2.6235	0.3235
2025-12-09T21:37:34	1.852000117301941	2.5885000000000002	0.3234375
2025-12-09T21:37:39	1.8560000658035278	2.6499375	0.3236875
2025-12-09T21:37:45	1.8560000658035278	2.62525	0.32375
2025-12-09T21:37:50	1.8530000448226929	2.5403125	0.323375
2025-12-09T21:37:55	1.8590000867843628	2.5814375000000003	0.32356250000000003
2025-12-09T21:38:00	1.8620001077651978	2.6313125	0.323375
2025-12-09T21:38:05	1.8620001077651978	2.616	0.32356250000000003
2025-12-09T21:38:10	1.8680000305175781	2.628375	0.3236875
2025-12-09T21:38:15	1.8650001287460327	2.6295	0.323375
2025-12-09T21:38:21	1.8660000562667847	2.6338125	0.3235
2025-12-09T21:38:26	1.8670001029968262	2.64525	0.3235
2025-12-09T21:38:31	1.8680000305175781	2.58475	0.323375
2025-12-09T21:38:36	1.8660000562667847	2.6083125000000003	0.32325
2025-12-09T21:38:41	1.8610000610351562	2.6237500000000002	0.32356250000000003
2025-12-09T21:38:46	1.8540000915527344	2.6265625	0.32325
2025-12-09T21:38:51	1.852000117301941	2.6298125	0.32325
2025-12-09T21:38:56	1.8540000915527344	2.52325	0.32356250000000003
2025-12-09T21:39:02	1.8530000448226929	2.5728125	0.323125
2025-12-09T21:39:07	1.8560000658035278	2.588625	0.3233125
2025-12-09T21:39:12	1.8640000820159912	2.6141875	0.32356250000000003
2025-12-09T21:39:17	1.8590000867843628	2.576375	0.323375
2025-12-09T21:39:22	1.8620001077651978	2.63	0.32325
2025-12-09T21:39:27	1.8550001382827759	2.5550625	0.3235
2025-12-09T21:39:32	1.852000117301941	2.5093125	0.3235
2025-12-09T21:39:38	1.849000096321106	2.619875	0.3234375
2025-12-09T21:39:43	1.852000117301941	2.589625	0.323375
2025-12-09T21:39:48	1.8550001382827759	2.5895625	0.32325
2025-12-09T21:39:53	1.8570001125335693	2.6464375	0.3234375
2025-12-09T21:39:58	1.8580000400543213	2.6025625	0.32325
2025-12-09T21:40:03	1.8580000400543213	2.6189375	0.323375
2025-12-09T21:40:08	1.8630000352859497	2.6306875	0.3231875
2025-12-09T21:40:14	1.8640000820159912	2.6175	0.3233125
2025-12-09T21:40:19	1.8630000352859497	2.5654375000000003	0.323125
2025-12-09T21:40:24	1.8630000352859497	2.5645625	0.323375
2025-12-09T21:40:29	1.8600001335144043	2.5936875	0.32325
2025-12-09T21:40:34	1.8630000352859497	2.6145	0.323125
2025-12-09T21:40:39	1.8560000658035278	2.6263125	0.323375
2025-12-09T21:40:44	1.8570001125335693	2.5558125	0.32356250000000003
2025-12-09T21:40:49	1.8560000658035278	2.5930625000000003	0.3231875
2025-12-09T21:40:55	1.8640000820159912	2.6346875	0.323125
2025-12-09T21:41:00	1.8600001335144043	2.6455	0.323375
2025-12-09T21:41:05	1.8590000867843628	2.5841875	0.323125
2025-12-09T21:41:10	1.8560000658035278	2.5783125	0.32325
2025-12-09T21:41:15	1.8630000352859497	2.64125	0.32325
2025-12-09T21:41:20	1.8650001287460327	2.5875	0.3233125
2025-12-09T21:41:25	1.8650001287460327	2.61625	0.3234375
2025-12-09T21:41:31	1.8640000820159912	2.5580000000000003	0.3231875
2025-12-09T21:41:36	1.8670001029968262	2.624875	0.323375
2025-12-09T21:41:41	NA	2.5475625	0.323
2025-12-09T21:41:46	1.8680000305175781	2.5935625	0.596
2025-12-09T21:41:51	1.8690000772476196	2.5870625	0.59075
2025-12-09T21:41:56	1.874000072479248	2.6478125	0.5939375
2025-12-09T21:42:01	NA	2.5964375	0.5550625
2025-12-09T21:42:06	1.874000072479248	2.667625	0.604125
2025-12-09T21:42:12	1.8690000772476196	2.5954375	0.539125
2025-12-09T21:42:17	1.8650001287460327	2.623625	0.6055
2025-12-09T21:42:22	NA	2.5976875	0.548875
2025-12-09T21:42:27	1.8650001287460327	2.6243125000000003	0.6075625
2025-12-09T21:42:32	1.8650001287460327	2.5814375000000003	0.573375
2025-12-09T21:42:37	1.8650001287460327	2.6230625	0.608125
2025-12-09T21:42:42	NA	2.6119375000000002	0.5866250000000001
2025-12-09T21:42:48	1.8480000495910645	2.55825	0.6036875
2025-12-09T21:42:53	1.849000096321106	2.5725625	0.6018125
2025-12-09T21:42:58	1.8500001430511475	2.5521875	0.6021875
2025-12-09T21:43:03	1.8470001220703125	2.62625	0.595125
2025-12-09T21:43:08	1.849000096321106	2.6095625	0.6118125
2025-12-09T21:43:13	1.849000096321106	2.6233125	0.544375
2025-12-09T21:43:18	1.8410000801086426	2.6063125	0.6114375
2025-12-09T21:43:23	1.842000126838684	2.55975	0.54725
2025-12-09T21:43:29	1.8480000495910645	2.60625	0.6126875
2025-12-09T21:43:34	1.846000075340271	2.6477500000000003	0.568125
2025-12-09T21:43:39	1.8500001430511475	2.61475	0.6040625000000001
2025-12-09T21:43:44	1.8540000915527344	2.5651875	0.6038125
2025-12-09T21:43:49	1.8530000448226929	2.609375	0.6038125
2025-12-09T21:43:54	1.8550001382827759	2.5816875	0.6045
2025-12-09T21:43:59	1.852000117301941	2.5678125	0.565125
2025-12-09T21:44:05	1.8450000286102295	2.5791875	0.607125
2025-12-09T21:44:10	1.852000117301941	2.6104375	0.575875
2025-12-09T21:44:15	1.8500001430511475	2.58225	0.6093125
2025-12-09T21:44:20	1.849000096321106	2.5990625	0.573875
2025-12-09T21:44:25	1.849000096321106	2.5455	0.6144375
2025-12-09T21:44:30	1.8500001430511475	2.625375	0.5573750000000001
2025-12-09T21:44:35	1.849000096321106	2.644875	0.614125
2025-12-09T21:44:41	1.8530000448226929	2.6013125	0.55425
2025-12-09T21:44:46	1.8560000658035278	2.5569375	0.611625
2025-12-09T21:44:51	1.8550001382827759	2.58825	0.5889375
2025-12-09T21:44:56	1.8590000867843628	2.6096875	0.60875
2025-12-09T21:45:01	1.8580000400543213	2.5991875	0.605625
2025-12-09T21:45:06	1.8550001382827759	2.62125	0.6054375
2025-12-09T21:45:11	1.8560000658035278	2.5786875	0.606375
2025-12-09T21:45:16	1.8560000658035278	2.5725625	0.604875
2025-12-09T21:45:22	1.8540000915527344	2.63275	0.6065625
2025-12-09T21:45:27	1.8600001335144043	2.6105625	0.605625
2025-12-09T21:45:32	1.8530000448226929	2.6121875	0.571375
2025-12-09T21:45:37	1.8540000915527344	2.5458125000000003	0.5955625
2025-12-09T21:45:42	1.8540000915527344	2.576375	0.608625
2025-12-09T21:45:47	1.8480000495910645	2.64125	0.6058125
2025-12-09T21:45:52	1.846000075340271	2.6495625	0.6054375
2025-12-09T21:45:58	1.8440001010894775	2.6194375	0.606
2025-12-09T21:46:03	1.846000075340271	2.5455625	0.6055
2025-12-09T21:46:08	1.842000126838684	2.539375	0.6048125
2025-12-09T21:46:13	1.8440001010894775	2.645625	0.606
2025-12-09T21:46:18	1.8480000495910645	2.6104375	0.605125
2025-12-09T21:46:23	1.8510000705718994	2.5875	0.6060625000000001
2025-12-09T21:46:28	1.8540000915527344	2.5736875	0.6056875
2025-12-09T21:46:33	1.8530000448226929	2.613375	0.585375
2025-12-09T21:46:39	1.8500001430511475	2.609625	0.32375
2025-12-09T21:46:44	1.8530000448226929	2.6246875	0.3239375
2025-12-09T21:46:49	1.8570001125335693	2.650875	0.3238125
2025-12-09T21:46:54	1.8540000915527344	2.603125	0.323625
2025-12-09T21:46:59	1.852000117301941	2.6036875	0.323875
2025-12-09T21:47:04	1.8500001430511475	2.5754375	0.3235
2025-12-09T21:47:09	1.8530000448226929	2.5685625	0.3236875
2025-12-09T21:47:15	1.8540000915527344	2.6335625	0.32356250000000003
2025-12-09T21:47:20	1.8600001335144043	2.6110625	0.32356250000000003
2025-12-09T21:47:25	1.8600001335144043	2.6231875000000002	0.3236875
2025-12-09T21:47:30	1.8570001125335693	2.60925	0.3238125
2025-12-09T21:47:35	1.8580000400543213	2.6020625	0.3234375
2025-12-09T21:47:40	1.8580000400543213	2.6437500000000003	0.3236875
2025-12-09T21:47:45	1.8600001335144043	2.6237500000000002	0.3233125
2025-12-09T21:47:51	1.8580000400543213	2.6423125	0.3235
2025-12-09T21:47:56	1.8580000400543213	2.57025	0.3233125
2025-12-09T21:48:01	1.8630000352859497	2.598875	0.32356250000000003
2025-12-09T21:48:06	1.8680000305175781	2.5865	0.3234375
2025-12-09T21:48:11	1.8700001239776611	2.6030625	0.3234375
2025-12-09T21:48:16	1.8660000562667847	2.63025	0.323375
2025-12-09T21:48:21	1.871000051498413	2.56875	0.3234375
2025-12-09T21:48:26	1.8660000562667847	2.5869375	0.3234375
2025-12-09T21:48:32	1.8690000772476196	2.61375	0.3233125
2025-12-09T21:48:37	1.8660000562667847	2.6195	0.323625
2025-12-09T21:48:42	1.8670001029968262	2.6455625	0.3234375
2025-12-09T21:48:47	1.8720000982284546	2.658875	0.32356250000000003
2025-12-09T21:48:52	1.871000051498413	2.6213125	0.32306250000000003
2025-12-09T21:48:57	1.8660000562667847	2.5761875	0.3234375
2025-12-09T21:49:02	1.8620001077651978	2.61375	0.32356250000000003
2025-12-09T21:49:08	1.8600001335144043	2.63775	0.32356250000000003
2025-12-09T21:49:13	1.8650001287460327	2.6037500000000002	0.323625
2025-12-09T21:49:18	1.8660000562667847	2.58025	0.3231875
2025-12-09T21:49:23	1.8670001029968262	2.5375	0.323375
2025-12-09T21:49:28	1.8670001029968262	2.5888750000000003	0.3231875
2025-12-09T21:49:33	1.8670001029968262	2.631125	0.323375
2025-12-09T21:49:38	1.8700001239776611	2.6015625	0.32325
2025-12-09T21:49:43	1.8700001239776611	2.563125	0.3234375
2025-12-09T21:49:49	1.8700001239776611	2.636375	0.323375
2025-12-09T21:49:54	1.8680000305175781	2.639125	0.32325
2025-12-09T21:49:59	1.8680000305175781	2.60925	0.323625
2025-12-09T21:50:04	1.871000051498413	2.58725	0.3234375
2025-12-09T21:50:09	1.8700001239776611	2.608625	0.3233125
2025-12-09T21:50:14	1.8700001239776611	2.6390000000000002	0.323375
2025-12-09T21:50:19	1.873000144958496	2.598	0.3233125
2025-12-09T21:50:25	1.8780001401901245	2.6108125	0.3234375
2025-12-09T21:50:30	1.8760000467300415	2.5728125	0.3235
2025-12-09T21:50:35	1.8760000467300415	2.6311875000000002	0.32325
2025-12-09T21:50:40	1.8750001192092896	2.672125	0.323125
2025-12-09T21:50:45	1.874000072479248	2.5526875	0.32325
2025-12-09T21:50:50	1.8700001239776611	2.585125	0.3231875
2025-12-09T21:50:55	1.8650001287460327	2.649	0.3231875
2025-12-09T21:51:01	1.8700001239776611	2.56725	0.323125
2025-12-09T21:51:06	1.8650001287460327	2.5954375	0.323375
2025-12-09T21:51:11	1.8590000867843628	2.58625	0.3233125
2025-12-09T21:51:16	1.8560000658035278	2.6015	0.32306250000000003
2025-12-09T21:51:21	1.849000096321106	2.605625	0.323375
2025-12-09T21:51:26	1.8530000448226929	2.6691875	0.32325
2025-12-09T21:51:31	1.8480000495910645	2.6429375	0.3234375
2025-12-09T21:51:36	1.852000117301941	2.6096875	0.3231875
2025-12-09T21:51:42	1.8530000448226929	2.5891875	0.323375
2025-12-09T21:51:47	1.8580000400543213	2.5729375	0.5896875
2025-12-09T21:51:52	1.8560000658035278	2.6558125	0.558875
2025-12-09T21:51:57	1.8580000400543213	2.6081250000000002	0.5934375000000001
2025-12-09T21:52:02	1.8620001077651978	2.6235	0.6005625
2025-12-09T21:52:07	1.8640000820159912	2.6288125	0.5956875
2025-12-09T21:52:12	1.8660000562667847	2.6315	0.545375
2025-12-09T21:52:18	1.8620001077651978	2.56025	0.5980625
2025-12-09T21:52:23	1.8620001077651978	2.5960625	0.60775
2025-12-09T21:52:28	1.8660000562667847	2.61475	0.5994375000000001
2025-12-09T21:52:33	1.8700001239776611	2.6073125	0.5960625
2025-12-09T21:52:38	1.8680000305175781	2.6130625	0.607375
2025-12-09T21:52:43	1.8660000562667847	2.5805000000000002	0.6012500000000001
2025-12-09T21:52:48	1.8690000772476196	2.62	0.570625
2025-12-09T21:52:53	1.8690000772476196	2.5685625	0.58725
2025-12-09T21:52:59	1.8690000772476196	2.60525	0.60275
2025-12-09T21:53:04	1.8690000772476196	2.5634375	0.6095
2025-12-09T21:53:09	1.8650001287460327	2.6293125	0.565125
2025-12-09T21:53:14	1.8660000562667847	2.6324375	0.56875
2025-12-09T21:53:19	1.8610000610351562	2.6233750000000002	0.6043125
2025-12-09T21:53:24	1.8600001335144043	2.6190625	0.6041875
2025-12-09T21:53:29	1.8550001382827759	2.6226875	0.550875
2025-12-09T21:53:35	1.8500001430511475	2.6208125	0.603375
2025-12-09T21:53:40	1.852000117301941	2.5845000000000002	0.6088125
2025-12-09T21:53:45	1.8470001220703125	2.586	0.6043125
2025-12-09T21:53:50	1.8450000286102295	2.5888750000000003	0.567625
2025-12-09T21:53:55	1.8440001010894775	2.598	0.6044375
2025-12-09T21:54:00	1.842000126838684	2.5736250000000003	0.6128750000000001
2025-12-09T21:54:05	1.842000126838684	2.6161250000000003	0.6045625
2025-12-09T21:54:11	1.8470001220703125	2.5906875	0.6010625
2025-12-09T21:54:16	1.8450000286102295	2.5781875	0.576375
2025-12-09T21:54:21	1.840000033378601	2.5484375	0.6049375
2025-12-09T21:54:26	1.840000033378601	2.5868125	0.6050625000000001
2025-12-09T21:54:31	1.842000126838684	2.5723125000000002	0.562625
2025-12-09T21:54:36	1.8390001058578491	2.5905	0.6048125
2025-12-09T21:54:41	1.843000054359436	2.5891875	0.6115
2025-12-09T21:54:46	1.8450000286102295	2.56025	0.60475
2025-12-09T21:54:52	1.846000075340271	2.584	0.5543750000000001
2025-12-09T21:54:57	1.846000075340271	2.6194375	0.605
2025-12-09T21:55:02	1.852000117301941	2.6066875	0.61125
2025-12-09T21:55:07	1.8470001220703125	2.6301875	0.6098750000000001
2025-12-09T21:55:12	1.8510000705718994	2.58775	0.571625
2025-12-09T21:55:17	1.8540000915527344	2.5481875	0.5924375000000001
2025-12-09T21:55:22	1.8500001430511475	2.601125	0.6084375
2025-12-09T21:55:28	1.8510000705718994	2.5485	0.6048125
2025-12-09T21:55:33	1.8540000915527344	2.5785625	0.578875
2025-12-09T21:55:38	1.852000117301941	2.594875	0.6054375
2025-12-09T21:55:43	1.8440001010894775	2.569375	0.6139375
2025-12-09T21:55:48	1.8440001010894775	2.610875	0.605
2025-12-09T21:55:53	1.8500001430511475	2.556625	0.6059375
2025-12-09T21:55:58	1.8500001430511475	2.62175	0.57475
2025-12-09T21:56:03	1.8500001430511475	2.6321250000000003	0.6074375
2025-12-09T21:56:09	1.8510000705718994	2.6085625	0.6130625000000001
2025-12-09T21:56:14	1.8500001430511475	2.559625	0.6052500000000001
2025-12-09T21:56:19	1.852000117301941	2.5646875000000002	0.584875
2025-12-09T21:56:24	1.8540000915527344	2.6196875	0.6053125
2025-12-09T21:56:29	1.8550001382827759	2.62825	0.609625
2025-12-09T21:56:34	1.8550001382827759	2.6099375	0.6069375
2025-12-09T21:56:39	1.8610000610351562	2.5940625	0.606
2025-12-09T21:56:45	1.8590000867843628	2.5921875	0.5729375
2025-12-09T21:56:50	1.8590000867843628	2.6438125	0.6063125
2025-12-09T21:56:55	1.8570001125335693	2.55025	0.606875
2025-12-09T21:57:00	1.8590000867843628	2.6196875	0.551125
2025-12-09T21:57:05	1.8580000400543213	2.6065	0.6056875
2025-12-09T21:57:10	1.8540000915527344	2.615875	0.6153125
2025-12-09T21:57:15	1.8590000867843628	2.6313750000000002	0.6040625000000001
2025-12-09T21:57:20	1.8560000658035278	2.57825	0.576625
2025-12-09T21:57:26	1.8580000400543213	2.5618125000000003	0.6074375
2025-12-09T21:57:31	1.8560000658035278	2.5524375	0.6050625000000001
2025-12-09T21:57:36	1.8530000448226929	2.603625	0.6039375
2025-12-09T21:57:41	1.8570001125335693	2.60325	0.6045
2025-12-09T21:57:46	1.8570001125335693	2.5941875	0.61175
2025-12-09T21:57:51	1.8540000915527344	2.60275	0.60475
2025-12-09T21:57:56	1.8570001125335693	2.6306875	0.5590625
2025-12-09T21:58:02	1.8550001382827759	2.539375	0.6085
2025-12-09T21:58:07	1.8570001125335693	2.6034375	0.605375
2025-12-09T21:58:12	1.8560000658035278	2.557875	0.552625
2025-12-09T21:58:17	1.8530000448226929	2.5441875	0.607375
2025-12-09T21:58:22	1.852000117301941	2.6034375	0.6061875
2025-12-09T21:58:27	1.8540000915527344	2.5725000000000002	0.557875
2025-12-09T21:58:32	1.8570001125335693	2.6205000000000003	0.6124375
2025-12-09T21:58:38	1.8630000352859497	2.5943125	0.6073125
2025-12-09T21:58:43	1.8570001125335693	2.5900625	0.58025
2025-12-09T21:58:48	1.8540000915527344	2.6268125	0.61425
2025-12-09T21:58:53	1.8580000400543213	2.5914375	0.5503750000000001
2025-12-09T21:58:58	1.8620001077651978	2.6590000000000003	0.613625
2025-12-09T21:59:03	1.8610000610351562	2.628875	0.606
2025-12-09T21:59:08	1.8630000352859497	2.5924375	0.6070625000000001
2025-12-09T21:59:14	1.8610000610351562	2.5899375	0.6068125
2025-12-09T21:59:19	1.8610000610351562	2.6383125	0.608
2025-12-09T21:59:24	1.8580000400543213	2.587	0.5548125
2025-12-09T21:59:29	1.8530000448226929	2.6331875	0.608
2025-12-09T21:59:34	1.8500001430511475	2.5603125	0.6083125
2025-12-09T21:59:39	1.8540000915527344	2.5445625	0.61625
2025-12-09T21:59:44	1.8470001220703125	2.5590625	0.5906250000000001
2025-12-09T21:59:49	1.852000117301941	2.6480625	0.60775
2025-12-09T21:59:55	1.846000075340271	2.6181875	0.607
2025-12-09T22:00:00	1.849000096321106	2.5863125	0.6074375
2025-12-09T22:00:05	1.852000117301941	2.605375	0.605
2025-12-09T22:00:10	1.8500001430511475	2.617625	0.6043125
2025-12-09T22:00:15	1.8470001220703125	2.5756875	0.6038125
2025-12-09T22:00:20	1.842000126838684	2.547375	0.6036875
2025-12-09T22:00:25	1.8410000801086426	2.58	0.6034375
2025-12-09T22:00:31	1.8380000591278076	2.621125	0.6029375
2025-12-09T22:00:36	1.842000126838684	2.5420625	0.6062500000000001
2025-12-09T22:00:41	1.8450000286102295	2.5928750000000003	0.5775
2025-12-09T22:00:46	1.8480000495910645	2.5364375	0.6069375
2025-12-09T22:00:51	1.852000117301941	2.5895	0.6133125
2025-12-09T22:00:56	1.8510000705718994	2.587625	0.553125
2025-12-09T22:01:01	1.8450000286102295	2.5849375	0.60675
2025-12-09T22:01:06	1.843000054359436	2.5808125	0.6035
2025-12-09T22:01:12	1.8450000286102295	2.5684375	0.6038125
2025-12-09T22:01:17	1.8440001010894775	2.6558125	0.6032500000000001
2025-12-09T22:01:22	1.8450000286102295	2.6471875000000002	0.603625
2025-12-09T22:01:27	1.8440001010894775	2.6423125	0.603625
2025-12-09T22:01:32	1.8380000591278076	2.6025625	0.6068125
2025-12-09T22:01:37	1.8360000848770142	2.5970625000000003	0.6075625
2025-12-09T22:01:42	1.8360000848770142	2.6410625	0.6076875
2025-12-09T22:01:48	1.843000054359436	2.59225	0.6073125
2025-12-09T22:01:53	1.8450000286102295	2.5770625000000003	0.6071875
2025-12-09T22:01:58	1.8470001220703125	2.6001875	0.6073125
2025-12-09T22:02:03	1.8450000286102295	2.6355625000000003	0.607375
2025-12-09T22:02:08	1.842000126838684	2.6469375	0.6073125
2025-12-09T22:02:13	1.8390001058578491	2.56	0.6073125
2025-12-09T22:02:18	1.8350000381469727	2.6274375	0.605875
2025-12-09T22:02:24	1.840000033378601	2.6350625	0.6085625
2025-12-09T22:02:29	1.8350000381469727	2.6100625	0.606125
2025-12-09T22:02:34	1.8350000381469727	2.6413125	0.6075625
2025-12-09T22:02:39	1.8330000638961792	2.6255625	0.6073125
2025-12-09T22:02:44	1.842000126838684	2.619125	0.6074375
2025-12-09T22:02:49	1.8450000286102295	2.62225	0.608625
2025-12-09T22:02:54	1.8450000286102295	2.6131875	0.593625
2025-12-09T22:02:59	1.849000096321106	2.6544375000000002	0.6072500000000001
2025-12-09T22:03:05	1.8540000915527344	2.5960625	0.615625
2025-12-09T22:03:10	1.8530000448226929	2.5925000000000002	0.6064375
2025-12-09T22:03:15	1.8540000915527344	2.55525	0.6069375
2025-12-09T22:03:20	1.8590000867843628	2.6233750000000002	0.6065
2025-12-09T22:03:25	1.8550001382827759	2.5449375	0.5754375
2025-12-09T22:03:30	1.8510000705718994	2.547625	0.6113125
2025-12-09T22:03:35	1.8470001220703125	2.5786875	0.5685
2025-12-09T22:03:41	1.8550001382827759	2.5554375	0.6071875
2025-12-09T22:03:46	1.8570001125335693	2.6571875	0.6044375
2025-12-09T22:03:51	1.8570001125335693	2.59775	0.60675
2025-12-09T22:03:56	1.8550001382827759	2.610625	0.6068125
2025-12-09T22:04:01	1.8560000658035278	2.609875	0.606875
2025-12-09T22:04:06	1.8540000915527344	2.602125	0.6114375
2025-12-09T22:04:11	NA	2.573	0.5516875
2025-12-09T22:04:16	1.846000075340271	2.5324375	0.6088125
2025-12-09T22:04:22	1.8410000801086426	2.6246875	0.568125
2025-12-09T22:04:27	1.840000033378601	2.5915	0.61425
2025-12-09T22:04:32	NA	2.626875	0.6071875
2025-12-09T22:04:37	1.840000033378601	2.5936875	0.6066875
2025-12-09T22:04:42	1.8380000591278076	2.547375	0.608
2025-12-09T22:04:47	1.846000075340271	2.5275625	0.6060625000000001
2025-12-09T22:04:52	NA	2.5636875	0.61475
2025-12-09T22:04:58	1.843000054359436	2.552	0.548875
2025-12-09T22:05:03	1.8450000286102295	2.5465	0.6128750000000001
2025-12-09T22:05:08	1.8470001220703125	2.5865	0.6060625000000001
2025-12-09T22:05:13	NA	2.55125	0.6104375
2025-12-09T22:05:18	1.9040000438690186	2.5475	0.590375
2025-12-09T22:05:23	1.9060001373291016	2.6278125	0.6079375
2025-12-09T22:05:28	1.908000111579895	2.607375	0.6020625000000001
2025-12-09T22:05:34	1.909000039100647	2.5869375	0.6035
2025-12-09T22:05:39	1.9070000648498535	2.6065	0.599875
2025-12-09T22:05:44	1.90500009059906	2.5929375	0.6042500000000001
2025-12-09T22:05:49	1.9070000648498535	2.6660625000000002	0.6072500000000001
2025-12-09T22:05:54	1.9030001163482666	2.5628125	0.6079375
2025-12-09T22:05:59	1.9000000953674316	2.5360625	0.6075
2025-12-09T22:06:04	1.9000000953674316	2.60925	0.6070625000000001
2025-12-09T22:06:09	1.9010001420974731	2.622375	0.6070625000000001
2025-12-09T22:06:15	1.9010001420974731	2.6285625	0.606875
2025-12-09T22:06:20	1.9030001163482666	2.6126875000000003	0.608
2025-12-09T22:06:25	1.9000000953674316	2.6024375	0.6068125
2025-12-09T22:06:30	1.9000000953674316	2.5710625	0.6075625
2025-12-09T22:06:35	1.9000000953674316	2.5943125	0.581125
2025-12-09T22:06:40	1.9010001420974731	2.63275	0.61475
2025-12-09T22:06:45	1.9030001163482666	2.593875	0.551875
2025-12-09T22:06:51	1.9030001163482666	2.5905625	0.616125
2025-12-09T22:06:56	1.9000000953674316	2.5848750000000003	0.596625
2025-12-09T22:07:01	1.9010001420974731	2.628	0.6068125
2025-12-09T22:07:06	1.8990000486373901	2.5988125	0.6128125
2025-12-09T22:07:11	1.9030001163482666	2.541	0.610625
2025-12-09T22:07:16	1.8970000743865967	2.635875	0.6070625000000001
2025-12-09T22:07:21	1.9000000953674316	2.6115625000000002	0.587125
2025-12-09T22:07:26	1.8990000486373901	2.6085625	0.6064375
2025-12-09T22:07:32	1.9010001420974731	2.54425	0.6136875
2025-12-09T22:07:37	1.9010001420974731	2.6263125	0.611625
2025-12-09T22:07:42	1.9010001420974731	2.604375	0.583125
2025-12-09T22:07:47	1.9000000953674316	2.5928750000000003	0.6071875
2025-12-09T22:07:52	1.9060001373291016	2.5881875	0.6153125
2025-12-09T22:07:57	1.8990000486373901	2.58825	0.6083125
2025-12-09T22:08:02	1.8970000743865967	2.5144375	0.560625
2025-12-09T22:08:08	1.8950001001358032	2.61825	0.608
2025-12-09T22:08:13	1.8920000791549683	2.6186875	0.605875
2025-12-09T22:08:18	1.8870000839233398	2.569375	0.5535625
2025-12-09T22:08:23	1.8920000791549683	2.554375	0.6118125
2025-12-09T22:08:28	1.8880001306533813	2.61475	0.6062500000000001
2025-12-09T22:08:33	1.8880001306533813	2.6444375	0.57675
2025-12-09T22:08:38	1.8910000324249268	2.568125	0.609375
2025-12-09T22:08:43	1.8900001049041748	2.5923125000000002	0.6065
2025-12-09T22:08:49	1.8880001306533813	2.5960625	0.59025
2025-12-09T22:08:54	1.8920000791549683	2.5629375	0.616125
2025-12-09T22:08:59	1.8900001049041748	2.5333125	0.6069375
2025-12-09T22:09:04	1.8910000324249268	2.58075	0.550625
2025-12-09T22:09:09	1.8870000839233398	2.6095	0.612625
2025-12-09T22:09:14	1.8890000581741333	2.5846875000000002	0.6080625000000001
2025-12-09T22:09:19	1.8870000839233398	2.5905	0.6033125
2025-12-09T22:09:25	1.8870000839233398	2.601375	0.6065625
2025-12-09T22:09:30	1.8870000839233398	2.557125	0.6114375
2025-12-09T22:09:35	1.8860000371932983	2.599875	0.568625
2025-12-09T22:09:40	1.8920000791549683	2.565875	0.607625
2025-12-09T22:09:45	1.8940000534057617	2.572375	0.6155
2025-12-09T22:09:50	1.8940000534057617	2.5981875	0.602125
2025-12-09T22:09:55	1.8910000324249268	2.625	0.6061875
2025-12-09T22:10:01	1.8940000534057617	2.64025	0.61275
